id,title,type,address,state,zip,lat,lon,date,starttime,organizer,organizer_url,link,hide,
1,Chelsea Meetup for Bernie,CW,Jake's Saloon 206 West 23rd Street New York NY ,NY,10011,40.7440751,-73.98999786,8/3/2015,6:00 PM,NYC4Bernie,http://www.meetup.com/NYCforBERNIE,http://www.meetup.com/NYCforBERNIE/events/223923219/,,
2,Campaign for Bernie,CW,31st Street Beach 31st St And Lake Shore Dr Chicago ,IL,60616,41.838589,-87.608337,8/3/2015,6:30 PM,Bicycling for Bernie Meetup,http://www.meetup.com/Bicycling-for-Bernie-Meetup,http://www.meetup.com/Bicycling-for-Bernie-Meetup/events/224236822/,,
49,"Meet and Greet ""Diverse Communities of Philadelphians Working for Bernie Sanders""",E,The Rotunda Philadelphia PA 19143 ,PA,19143,39.954323,-75.20443,8/3/2015,6:00 PM,Bernie Sanders Campaign Volunteers,http://www.berniesanders.com,https://go.berniesanders.com/page/event/detail/petitioning/4jgym,,
3,Street outreach for Bernie Sanders,CW,Union Square 14th Street and University Place New York NY ,NY,10003,40.73521,-73.991692,8/4/2015,5:30 PM,NYC Democratic Socialists of America,http://www.meetup.com/nycdsa,http://www.meetup.com/nycdsa/events/224118686/,,
4,Montgomery County for Bernie Sanders meeting,CW,"Gordon Biersch 200 East Middle Lane, Unit A Rockville MD 20850 ",MD,20850,39.08527,-77.150742,8/4/2015,7:00 PM,Maryland Suburbs for Bernie Sanders,http://www.meetup.com/Maryland-Suburbs-for-Bernie-Sanders,http://www.meetup.com/Maryland-Suburbs-for-Bernie-Sanders/events/224248708/,,
5,We Want BERNIE Conference Call!,CW,Your phone Your phone Denver CO ,CO,80204,39.740009,-104.992302,8/4/2015,7:00 PM,Liberal/Progressives Discussion and Activism,http://www.meetup.com/LiberalBoomersCo,http://www.meetup.com/LiberalBoomersCo/events/224336002/,,
6,Voter Registration Training,CW,4th Avenue Pub 76 4th Avenue Brooklyn NY 11217 ,NY,11217,40.682255,-73.979982,8/4/2015,7:00 PM,BERNIE SANDERS FOR PRESIDENT 2016,http://www.meetup.com/BERNIE-SANDERS-FOR-PRESIDENT-2016,http://www.meetup.com/BERNIE-SANDERS-FOR-PRESIDENT-2016/events/224335969/,,
7,#OC4Bernie Core Leadership Team Meeting,CW,Meeting Room Near Irvine Spectrum Email OC4Bernie@gmail.com for address and details Irvine CA ,CA,92618,33.74000168,-117.75,8/4/2015,7:15 PM,Orange County Politics - OC for Bernie Sanders,http://www.meetup.com/OC-for-Bernie-Sanders,http://www.meetup.com/OC-for-Bernie-Sanders/events/224326672/,,
8,PA For BERNIE SANDERS STATEWIDE COORDINATION,CW,,PA,NONE,40.09999847,-75.11000061,8/4/2015,8:30 PM,PA - Bernie SANDERS FOR President,http://www.meetup.com/PA-Bernie-SANDERS-FOR-President,http://www.meetup.com/PA-Bernie-SANDERS-FOR-President/events/224307760/,,
122,First Organizing Meeting!,CW,"West Florida Genealogy Library, 5740 N Ninth Avenue Pensacola, FL 32504",FL,32504,30.4815019,-87.2043291,8/4/2015,7:00 PM,Pensacola for Bernie Sanders,http://www.facebook.com/1596344010653912,http://www.facebook.com/574877305983659,,
178,Represent Charleston for Bernie at the Citizens Hearing on Public Transit,CW,International Longshorman Association Local 1422 1142 Morrison Dr Charleston SC 29403-3111,SC,29403-3111,32.81138856,-79.9486778,8/4/2015,6:00 PM,Charleston for Bernie Sanders 2016,http://www.facebook.com/394761840721167,http://www.facebook.com/419546628250888,,
231,Atlanta Peachtree NORML Monthly Meeting,CW,Manuel's Tavern 602 N Highland Ave NE Atlanta GA 30307,GA,30307,33.7708206,-84.3527298,8/4/2015,7:00 PM,,,http://www.facebook.com/805980996182495,,
9,Let's join the Progressive Democrats of America for a drink.,CW,Mercury Cafe 2199 California St Denver ,CO,80205,39.750702,-104.985222,8/5/2015,6:30 PM,Colorado for Bernie,http://www.meetup.com/Colorado-for-Bernie,http://www.meetup.com/Colorado-for-Bernie/events/224111860/,,
10,Voter Registration Training,CW,4th Avenue Pub 76 4th Avenue Brooklyn NY 11217 ,NY,11217,40.682255,-73.979982,8/5/2015,7:00 PM,BERNIE SANDERS FOR PRESIDENT 2016,http://www.meetup.com/BERNIE-SANDERS-FOR-PRESIDENT-2016,http://www.meetup.com/BERNIE-SANDERS-FOR-PRESIDENT-2016/events/224121613/,,
11,Organizing Meetings - Actually we are now DOING!,CW,Theo's 812 Westheimer Houston TX ,TX,77006,29.744921,-95.390106,8/5/2015,7:30 PM,Houstonians For Bernie Sanders,http://www.meetup.com/Houstonians-For-Bernie-Sanders,http://www.meetup.com/Houstonians-For-Bernie-Sanders/events/224078797/,,
48,Central Oregon for Sanders Organizing Rally,CW,Volcanic Theatre Pub Bend OR 97701 ,OR,97701,44.050663,-121.331848,8/5/2015,7:00 PM,Bernie Sanders Campaign Volunteers,http://www.berniesanders.com,https://go.berniesanders.com/page/event/detail/petitioning/4jgdr,,
69,Bernie Sanders & Russ Feingold Fundraiser,E,Kettle of Fish 59 Christopher St Frnt 2 New York NY 10014-3505,NY,10014,40.7337914,-74.0024872,8/5/2015,6:00 PM,,,http://www.facebook.com/1693966624159434,,
81,Central Ohio - Announcements and Mingling,CW,"2250 N High St, Columbus, OH 43201 (Kafe Kerouac)",OH,,40.008364,-83.010005,8/5/2015,6:00 PM,,,http://www.facebook.com/551074191710006,,
19,William K. Schmidt on Making Sense Of The GOP Presidential Field,,"Queens Pride House 76-11 37th Avenue, Suite 206 Jackson Heights NY ",NY,NONE,40.749218,-73.889702,8/8/2015,10:00 AM,Stonewall Libertarians New York,http://www.meetup.com/StonewallLibertarians,http://www.meetup.com/StonewallLibertarians/events/224084926/,Y,
20,William K. Schmidt on Making Sense Of The GOP Presidential Field,,"Queens Pride House 76-11 37th Avenue, Suite 206 Jackson Heights NY ",NY,NONE,40.749218,-73.889702,8/8/2015,10:00 AM,"Libertarian Party Of Queens County (Founded October 6, 1994)",http://www.meetup.com/QueensLP,http://www.meetup.com/QueensLP/events/220443511/,Y,
21,CHALK the BLOCK for Bernie,E,EVERYWHERE!! Maryland Howard Co. and beyond MD ,MD,NONE,39.20999908,-76.87999725,8/8/2015,12:00 PM,Maryland Suburbs for Bernie Sanders,http://www.meetup.com/Maryland-Suburbs-for-Bernie-Sanders,http://www.meetup.com/Maryland-Suburbs-for-Bernie-Sanders/events/223907618/,Y,
82,Planning Session and Voter Registration Training,CW,Fourth Avenue Pub 76 4th Ave Brooklyn NY 11217-1908,NY,11217-1908,40.6823196,-73.9801331,8/5/2015,7:00 PM,Brooklyn For Bernie Sanders,http://www.facebook.com/1607956296109459,http://www.facebook.com/730671220409730,,
85,Houstonians for Bernie - Regular Organizing Meeting,CW,Theo's Restaurant 812 Westheimer Rd Houston TX 77006,TX,77006,29.7449207,-95.3903122,8/5/2015,7:30 PM,Houstonians for Bernie Sanders 2016,http://www.facebook.com/771557776291653,http://www.facebook.com/943160425706109,,
116,"FREE ""Inequality for All"" showing- A Robert Reich documentary",E,Bozeman Public Library 626 E Main St Bozeman MT 59715,MT,59715,45.6786995,-111.0271835,8/5/2015,6:15 PM,Montanans for Bernie Sanders,http://www.facebook.com/1073373716010293,http://www.facebook.com/862448700470843,,
130,JaxforBernie @ Art Walk (EVENT FULL),E,Hemming Park 303 N Laura St Jacksonville FL 32202,FL,32202,30.32921563,-81.65921168,8/5/2015,6:00 PM,Jacksonville for Bernie Sanders,http://www.facebook.com/1001052389906436,http://www.facebook.com/530075913810430,,
188,Info Tabling for Bernie Sanders @ Farmers Market,CW,Davis Farmers Market 4th St at C St Davis CA 95616,CA,95616,38.54489979,-121.744209,8/5/2015,4:30 PM,,,http://www.facebook.com/1160527277296760,,
191,Organizing Meeting,CW,"955 Northgate Dr, Richland, WA 99352  Room B",WA,99352,46.279293,-119.278001,8/5/2015,6:30 PM,,,http://www.facebook.com/406798462860371,,
195,#WeWantDebate DNC Push,CW,Everywhere  Las Vegas NV 89109,NV,89109,36.10810836,-115.1771304,8/5/2015,12:00 PM,Grassroots for Sanders,http://www.facebook.com/370653396465520,http://www.facebook.com/1600168356921083,,
196,CU For Bernie Sanders Meet & Greet,CW,Jupiter's at the Crossing 2511 Village Green Pl Champaign IL 61822,IL,61822,40.0816879,-88.2964783,8/5/2015,7:00 PM,Champaign-Urbana for Bernie Sanders,http://www.facebook.com/1645571725661067,http://www.facebook.com/381037212092946,,
214,Bernie Sanders Flyer Handout,CW,ShopRite of Cheltenham Square 2385 W Cheltenham Ave Philadelphia PA 19150,PA,19150,40.0727501,-75.1555862,8/5/2015,6:30 PM,,,http://www.facebook.com/1669353576627477,,
215,Bernie Sanders Flyer Handout,CW,ShopRite of Cheltenham Square 2385 W Cheltenham Ave Philadelphia PA 19150,PA,19150,40.0727501,-75.1555862,8/5/2015,6:30 PM,,,http://www.facebook.com/1676160269266296,,
230,Georgia for Bernie Organizational Meeting,CW,,GA,,,,8/5/2015,,,,http://www.facebook.com/1483968231896136,,
255,Organizing for Bernie Meeting,CW,Pikes Peak Library District - East Library 5550 N Union Blvd Colorado Springs CO 80918-1950,CO,80918-1950,38.91267694,-104.7781017,8/5/2015,7:00 PM,,,http://www.facebook.com/855074347918217,,
264,Let's Talk Democratic Socialism,E,Nick-A-Nees 75 South St Providence ,RI,02903,41.817154,-71.408333,8/5/2015,6:30 PM,Providence DSA,http://www.meetup.com/Providence-DSA,http://www.meetup.com/Providence-DSA/events/224379719/,,
12,SUMMER PROGRESS PARTY: Rooftop Mixer & GOP Debate/Jon Stewart Finale,E,"Cambria hotel & suites Washington, D.C. Convention Center 899 O St Nw Washington ",DC,20001,38.908947,-77.02346,8/6/2015,6:30 PM,Network For Progress,http://www.meetup.com/NetworkForProgress,http://www.meetup.com/NetworkForProgress/events/224249391/,,
13,Campaign for Bernie- Montrose Beach,CW,Montrose Ave Beach  4400 N Simonds Dr. Chicago IL 60640 ,IL,60640,41.967871,-87.644359,8/6/2015,7:00 PM,Bicycling for Bernie Meetup,http://www.meetup.com/Bicycling-for-Bernie-Meetup,http://www.meetup.com/Bicycling-for-Bernie-Meetup/events/224267117/,,
14,Republican Debates Bingo!,E,Pop Pub 83 University Place New York NY ,NY,NONE,40.73341,-73.992821,8/6/2015,7:00 PM,Young Journalists NYC,http://www.meetup.com/YoungJournalistsNYC,http://www.meetup.com/YoungJournalistsNYC/events/224279504/,,
15,Debate Watch Party at Fitzpatrick's Pub: RNC Debate #1,E,Fitzpatrick's Food & Spirits 1565 Laurens Rd Greenville SC ,SC,NONE,34.841953,-82.359261,8/6/2015,8:00 PM,South Carolina for Bernie Sanders 2016,http://www.meetup.com/South-Carolina-for-Bernie-Sanders-2016,http://www.meetup.com/South-Carolina-for-Bernie-Sanders-2016/events/224185992/,,
44,Arvadans for Bernie,CW,Anne's house Arvada CO 80004 ,CO,80004,39.806545,-105.146889,8/6/2015,7:00 PM,Bernie Sanders Campaign Volunteers,http://www.berniesanders.com,https://go.berniesanders.com/page/event/detail/petitioning/4jgyk,,
45,"The Political Revolution Ground Game for Bennington, Vermont to Elect Bernie",CW,Bennington Free Library Bennington VT 05201 ,VT,05201,42.878002,-73.193771,8/6/2015,7:00 PM,Bernie Sanders Campaign Volunteers,http://www.berniesanders.com,https://go.berniesanders.com/page/event/detail/petitioning/4jgy2,,
46,Follow up to last evening,CW,Wildflower Village Coffee Shop and Cabaret Reno NV 89523 ,NV,89523,39.544483,-119.950928,8/6/2015,7:00 PM,Bernie Sanders Campaign Volunteers,http://www.berniesanders.com,https://go.berniesanders.com/page/event/detail/petitioning/4jgyh,,
47,Valley Junction Farmers Market Canvassing,CW,Valley Junction Farmers Market West Des Moines IA 50265 ,IA,50265,41.569523,-93.708878,8/6/2015,4:00 PM,Bernie Sanders Campaign Volunteers,http://www.berniesanders.com,https://go.berniesanders.com/page/event/detail/petitioning/4jgdt,,
83,GOP Watch Party,E,Jake's Saloon 206 W 23rd St New York NY 10011-2313,NY,10011-2313,40.74403,-73.9962387,8/6/2015,8:00 PM,New York City for Bernie Sanders 2016,http://www.facebook.com/446299848861804,http://www.facebook.com/1475889339377466,,
84,Campus Outreach Planning Meeting,CW,"4504 Graustark St Houston, TX 77006",NONE,,29.73258,-95.394616,8/6/2015,6:00 PM,Houstonians for Bernie Sanders 2016,http://www.facebook.com/771557776291653,http://www.facebook.com/659703407462842,,
112,Media/Awareness Meeting,CW,Sacramento Public Library Belle Cooledge 5600 S Land Park Dr Sacramento CA 95822-3359,CA,95822-3359,38.5238113,-121.5122299,8/6/2015,6:00 PM,,,http://www.facebook.com/934906436553240,,
126,University of Iowa Students for Bernie,E,"702 S. Gilbert St., Suite 101, Iowa City, IA ",NONE,,41.652993,-91.530985,8/6/2015,3:00 PM,Johnson County for Bernie Sanders,http://www.facebook.com/1452109605108773,http://www.facebook.com/1601606356760542,,
197,Monterey Bay for Bernie meeting,CW,"Little House, Jewell Park, next to the Pacific Grove Library",NONE,,6.6223703,-121.9169101,8/6/2015,5:00 PM,,,http://www.facebook.com/1446243209037394,,
229,Lobbying / GOP / etc in Atl,CW,InterContinental Buckhead Atlanta 3315 Peachtree Rd NE Atlanta GA 30326,GA,30326,33.8455831,-84.36841339,8/6/2015,6:00 PM,,,http://www.facebook.com/1617653788518997,,
241,"Bad Ideas, Brews, and Bingo! A GOP Debate Party for Bernie Fans",E,West Coast Tavern 2895 University Ave San Diego CA 92104,CA,92104,32.7483139,-117.1315536,8/6/2015,5:00 PM,,,http://www.facebook.com/995349523850951,,
50,Bernie Sanders For President,,The White House 1600 Pennsylvania Ave NW Washington DC 20500,DC,20500,38.89724129,-77.0356926,1/3/2017,10:00 AM,,,http://www.facebook.com/912572692117140,Y,
51,Write a Letter to the Editor Supporting Bernie Sanders,E,Your local paper,NONE,,,,11/8/2016,,,,http://www.facebook.com/498044870343158,Y,
52,Elect Bernie Sanders President,,,NONE,,,,9/30/2016,,,,http://www.facebook.com/451237041699435,Y,
53,Vote for Bernie Sanders in the 2016 Primary!,,New York    ,,,43,-75,4/19/2016,4:00 AM,New York for Bernie Sanders 2016,http://www.facebook.com/812486065513272,http://www.facebook.com/719827371456357,Y,
54,Get out The Primary Vote For Bernie Sanders 2016,,Michigan    ,,,43.3504,-84.5603,3/8/2016,7:00 AM,,,http://www.facebook.com/1591132684506173,Y,
55,Mainers Vote for Bernie Sanders,,This is just a reminder :),NONE,,,,3/6/2016,,,,http://www.facebook.com/882177081855258,Y,
56,Vote Bernie Sanders - North Carolina Presidential Primary,,Your polling place,NONE,,,,2/23/2016,8:00 AM,,,http://www.facebook.com/1008254579194460,Y,
57,"Like my page, Independents Registering as Democrats to Nominate Bernie Sanders",CW,"Shell Beach, CA  Shell Beach CA ",CA,,35.15289593,-120.6696672,1/1/2016,,,,http://www.facebook.com/1618490048385334,Y,
250,Free Comedy Show (AKA First Republican Debate),E,"64 Stonelake Circle Savannah, GA. 31419",NONE,,32.0287409,-81.226459,8/6/2015,8:45 PM,,,http://www.facebook.com/755027454619371,,
252,Bernie Debate Watch,E,Tracey's Original Irish Channel Bar 2604 Magazine St New Orleans LA 70130,LA,70130,29.9269505,-90.0808868,8/6/2015,8:30 PM,,,http://www.facebook.com/946943698661482,,
265,Meet the group and sign-up for volunteer opportunities,CW,"Little Jewel House Little House in Jewell Park by the Pacific Grove Library, on Central. Just get on Lighthouse from Monterey, and drive until you  Pacific Grove CA ",CA,NONE,36.59000015,-121.8499985,8/6/2015,5:00 PM,Monterey Bay for Bernie Sanders,http://www.meetup.com/Monterey-Bay-for-Bernie-Sanders,http://www.meetup.com/Monterey-Bay-for-Bernie-Sanders/events/224422872/,,
266,Lakeland Democratic Club meeting,CW,Lakeland Library 100 Lake Morten Drive Lakeland FL 33801 ,FL,33801,28.036913,-81.94899,8/6/2015,7:00 PM,Central Florida Bernie Sanders supporters,http://www.meetup.com/Central-Florida-Bernie-Sanders-supporters,http://www.meetup.com/Central-Florida-Bernie-Sanders-supporters/events/224394076/,,
276,Republican debate watch party,E,Connections at Ark. Center 5200 Convention Plaza Dr Texarkana AR 71854,AR,71854,33.47302969,-94.03625541,8/6/2015,7:00 PM,,,http://www.facebook.com/1444277602567972,,
288,GOP Debate Watch at Gus's in Coralville,E,Gus' Coralville 2421 Coral Ct Coralville IA 52241,IA,52241,41.7062416,-91.6093597,8/6/2015,9:00 PM,Johnson County for Bernie Sanders,http://www.facebook.com/1452109605108773,http://www.facebook.com/789711844481799,,
293,1st Northside Team Meeting,CW,Panera Bread 13271 City Station Dr Jacksonville FL 32218,FL,32218,30.4794388,-81.6415939,8/6/2015,7:00 PM,Jacksonville for Bernie Sanders,http://www.facebook.com/1001052389906436,http://www.facebook.com/890794757636657,,
16,Lets eat and plan new events,CW,"tapatio's 734 E Memorial Blvd, Lakeland, FL 33801 Lakeland FL ",FL,NONE,28.04000092,-81.94000244,8/7/2015,12:00 PM,Central Florida Bernie Sanders supporters,http://www.meetup.com/Central-Florida-Bernie-Sanders-supporters,http://www.meetup.com/Central-Florida-Bernie-Sanders-supporters/events/224364537/,,
119,Share the Bernie love at Rockford City Market,E,Rockford Register Star | rrstar.com 99 E State St Rockford IL 61104,IL,61104,42.2691193,-89.0918198,8/7/2015,5:30 PM,Northern Illinois for Bernie Sanders,http://www.facebook.com/949714248406222,http://www.facebook.com/1671813283064813,,
67,"Join Senator Bernie Sanders in Seattle to Celebrate Social Security, Medicare, & Medicaid",E,Westlake Park 400 Pine St Seattle WA 98101,WA,98101,47.6118813,-122.3372879,8/8/2015,1:00 PM,,,http://www.facebook.com/928930887167727,Y,
68,$5 Friday for Bernie Sanders 2016,,Everywhere via ActBlue,NONE,,,,8/7/2015,11:05 PM,,,http://www.facebook.com/573503509457326,Y,
179,Sign Wave For Bernies Arrival!,CW,Any Bridge Over I-5,NONE,,,,8/7/2015,5:00 PM,,,http://www.facebook.com/978901845495125,,
70,Portland Rally,,Veterans Memorial Coliseum 300 North Winning Way Portland OR 97227,OR,97227,45.53222222,-122.6694444,8/9/2015,6:00 PM,,,http://www.facebook.com/1000401753332792,Y,
71,Seattle Rally,,Alaska Airlines Arena at Hec Ed 3870 Montlake Blvd Seattle WA 98195,WA,98195,47.6521606,-122.3021011,8/8/2015,6:00 PM,,,http://www.facebook.com/1616454648605398,Y,
182,Sign Wave For Bernies Arrival!,CW,Any Bridge Over I-5,NONE,,,,8/7/2015,5:00 PM,,,http://www.facebook.com/978901845495125,,
199,PA Organic FarmFest Democratic Booth,CW,Pennsylvania Organic FarmFest 169 Homan Ln Centre Hall PA ,PA,,40.835402,-77.685004,8/7/2015,9:30 AM,,,http://www.facebook.com/862987823775483,,
212,Let's get people HONKING for Bernie.,E,Northwest corner of Honolulu Ave. and Ocean View Blvd. in Montrose 91020,CA,91020,34.2054625,-118.2279992,8/7/2015,5:30 PM,,,http://www.facebook.com/110236555991177,,
233,Conference call to #OrganizeTN,CW,Telephone,NONE,,,,8/7/2015,7:30 PM,,,http://www.facebook.com/1636866859927699,,
253,Montana Fair,E,MetraPark 308 6th Ave North Billings MT 59102,MT,59102,45.79947403,-108.4776988,8/7/2015,,,,http://www.facebook.com/140124202985487,,
285,"Honk and Wave - Madison, CT",E,"Madison, CT  Madison CT 06443",CT,06443,41.2794,-72.5989,8/7/2015,3:00 PM,,,http://www.facebook.com/504358963071812,,
78,Chalk the Block with Bernie Day,,Everywhere ,NONE,,,,8/8/2015,12:00 AM,Grassroots for Sanders,http://www.facebook.com/370653396465520,http://www.facebook.com/835545563198517,Y,
291,1st Orange Park Team Meeting,CW,Panera Bread 8635 Blanding Blvd Jacksonville FL 32244,FL,32244,30.19402031,-81.73876294,8/7/2015,7:00 PM,Jacksonville for Bernie Sanders,http://www.facebook.com/1001052389906436,http://www.facebook.com/1598466397072202,,
292,1st Beaches Team Meeting,CW,Sneakers Sports Grille Jacksonville Beach 111 Beach Blvd Jacksonville Beach FL 32250,FL,32250,30.28884899,-81.3896387,8/7/2015,6:30 PM,Jacksonville for Bernie Sanders,http://www.facebook.com/1001052389906436,http://www.facebook.com/1627703660840431,,
295,Push for more Debates: Debbie W. Schultz in Cleveland,CW,The City Club of Cleveland 850 Euclid Ave Cleveland OH 44114,OH,44114,41.4999619,-81.6870499,8/7/2015,11:30 AM,Greater Cleveland for Bernie Sanders,http://www.facebook.com/1620415708171282,http://www.facebook.com/901435929903513,,
314,First Friday Bernie Sanders Rally,E,Rte 66 in front of Flagstaff City Hall,AZ,86001,35.199072,-111.6515118,8/7/2015,6:00 PM,Flagstaff for Bernie,http://www.facebook.com/319529654914252,http://www.facebook.com/810596195728081,,
328,Central Ohio - Labor for Bernie Meeting,CW,"3434 E Livingston Ave, Columbus, OH 43227 (Columbus Public Library)",OH,43227,39.9467744,-82.9043939,8/7/2015,4:30 PM,,,http://www.facebook.com/401066790090371,,
335,House Party! (Oakland County),E,"1474 Oakstone Drive, Rochester Hills, 48309",MI,48309,42.685922,-83.162136,8/7/2015,7:00 PM,,,http://www.facebook.com/468197513353062,,
348,HONK for Bernie,CW,exit 62- I-95 overpass Friday in 3-5 in Madison. park on the side of the road near the overpass.,CT,06443,,,8/7/2015,3:00 PM,Nutmeggers for Bernie Sanders,http://www.facebook.com/1654680828086577,http://www.facebook.com/1621793068109043,,
17,Volunteers For Bernie -- Greenville Planning Meeting,CW,Hughes Main Library 25 Heritage Green Place Greenville SC ,SC,NONE,34.856735,-82.402153,8/8/2015,10:00 AM,South Carolina for Bernie Sanders 2016,http://www.meetup.com/South-Carolina-for-Bernie-Sanders-2016,http://www.meetup.com/South-Carolina-for-Bernie-Sanders-2016/events/224172447/,,
18,William K. Schmidt on Making Sense Of The GOP Presidential Field,E,"Queens Pride House 76-11 37th Avenue, Suite 206 Jackson Heights NY ",NY,NONE,40.749218,-73.889702,8/8/2015,10:00 AM,NYC/Long Island Rand Paul For President 2016 Meetup,http://www.meetup.com/RandPaul2016,http://www.meetup.com/RandPaul2016/events/224084960/,,
22,"Activity Day, Arts&Crafts for Bernie Signs and Posters!",CW,Bee Ridge Park On the corner of Wilkinson and Lockwood Ridge (Message me if you need further directions) Sarasota FL ,FL,NONE,27.338881,-82.539627,8/8/2015,1:00 PM,Bernie Sanders Movement For The People,http://www.meetup.com/Bernie-Sanders-Meetup,http://www.meetup.com/Bernie-Sanders-Meetup/events/223987800/,,
43,Seattle Rally with Bernie Sanders on 8/8,R,Alaska Airlines Arena at Hec Edmundson Pavilion Seattle WA 98105 ,WA,98105,47.651947,-122.303314,8/8/2015,6:00 PM,Bernie Sanders Campaign Volunteers,http://www.berniesanders.com,https://go.berniesanders.com/page/event/detail/rally/4jgdl,,
75,Middletown Music Festival,E,Middlesex Community College 100 Training Hill Rd Middletown CT 06457,CT,06457,41.53933031,-72.61109029,8/8/2015,1:00 PM,,,http://www.facebook.com/1617132985241857,,
102,Bernie Prep Pizza Party! (Portland),E,"5247 NE 35th, Portland, OR",NONE,,45.561195,-122.628943,8/8/2015,3:30 PM,Oregon for Bernie Sanders 2016,http://www.facebook.com/454613448020842,http://www.facebook.com/893859297352503,,
109,Informational Table for Bernie @ Oak Park Farmers' Market,CW,McClatchy Park  3500 5th Ave Sacramento CA 95817,CA,95817,38.5476799,-121.4696426,8/8/2015,9:00 AM,,,http://www.facebook.com/111303789216589,,
110,Informational tabling for Bernie @ Midtown Farmer's Market,CW,Midtown Farmers Market Sacramento 20th Street B/T J & K Sacramento CA 95811,CA,95811,38.57616154,-121.4797302,8/8/2015,8:30 AM,,,http://www.facebook.com/468812119962531,,
111,Chalk the Block for Bernie,E,16th to 20th street and J to L street,CA,,,,8/8/2015,,,,http://www.facebook.com/140508362952610,,
115,Helena for Bernie,E,Lewis & Clark Library 120 S Last Chance Gulch Helena MT 59601,MT,59601,46.5852814,-112.0416183,8/8/2015,12:00 PM,Montanans for Bernie Sanders,http://www.facebook.com/1073373716010293,http://www.facebook.com/1617696265181857,,
120,Rhode Island for Bernie Sanders Action Meeting,CW,Warwick Public Library 600 Sandy Ln Warwick RI 02889,RI,02889,41.71056474,-71.40241762,8/8/2015,1:00 PM,Rhode Island for Bernie Sanders,http://www.facebook.com/1082394585109398,http://www.facebook.com/1609014726042407,,
123,Bernie Chalk the Block Tabling,CW,"Bob Hart Square @ Main and Canal Streets Merced, CA",CA,95340,37.301261,-120.483377,8/8/2015,4:00 PM,Central California for Bernie Sanders 2016,http://www.facebook.com/773019356148648,http://www.facebook.com/1503380033287540,,
125,Swisher Fun Days Parade,E,"Swisher, IA  Swisher IA 52338",IA,52338,41.8456,-91.6928,8/8/2015,10:00 AM,Johnson County for Bernie Sanders,http://www.facebook.com/1452109605108773,http://www.facebook.com/1600239363583271,,
129,JaxforBernie @ Riverside Arts Market,E,Riverside Arts Market 715 Riverside Ave Jacksonville FL 32204,FL,32204,30.31660916,-81.67567369,8/8/2015,11:30 AM,Jacksonville for Bernie Sanders,http://www.facebook.com/1001052389906436,http://www.facebook.com/478439425665543,,
100,Portland Rally with Bernie Sanders,,Veterans Memorial Coliseum 300 North Winning Way Portland OR 97227,OR,97227,45.53222222,-122.6694444,8/9/2015,6:00 PM,Oregon for Bernie Sanders 2016,http://www.facebook.com/454613448020842,http://www.facebook.com/414335125416315,Y,
101,Bernie Rally Poster/Flyer Promotion,CW,EVERYWHERE IN OREGON,NONE,,,,8/9/2015,,Oregon for Bernie Sanders 2016,http://www.facebook.com/454613448020842,http://www.facebook.com/1013268668713930,Y,
132,Chalk the Block for Bernie with the Southeast Michigan BERNers!,E,The Diag at the University of Michigan Ann Arbor  Ann Arbor MI 48109,MI,48109,42.27678138,-83.73783689,8/8/2015,,,,http://www.facebook.com/896238320470860,,
103,Nationwide CHALK THE BLOCK for Bernie Sanders,,Nevada ,NONE,,,,8/8/2015,12:00 AM,Nevada for Bernie Sanders,http://www.facebook.com/363412390530212,http://www.facebook.com/1594276534158397,Y,
184,Chalk the Block with Bernie Day,E,Everywhere ,NONE,,,,8/8/2015,12:00 AM,Grassroots for Sanders,http://www.facebook.com/370653396465520,http://www.facebook.com/835545563198517,,
185,Organizing Meeting,CW,Village Inn Restaurant 1910 North Ave Grand Junction CO 81501-6425,CO,81501-6425,39.0778809,-108.5428009,8/8/2015,5:00 PM,,,http://www.facebook.com/430606123808285,,
193,Chalk the Block with Bernie,E,University of Pittsburgh 4200 Fifth Ave Pittsburgh PA 15260,PA,15260,40.4446106,-79.9525909,8/8/2015,,Pitt Students for Bernie Sanders 2016,http://www.facebook.com/111792912497392,http://www.facebook.com/811691372277608,,
198,PA Organic FarmFest Democratic Booth,CW,Pennsylvania Organic FarmFest 169 Homan Ln Centre Hall PA ,PA,,40.835402,-77.685004,8/8/2015,9:00 AM,,,http://www.facebook.com/973675602685111,,
204,NVfBS ACTION EVENTS Calendar,E,,NONE,,,,8/8/2015,,,,http://www.facebook.com/1626514797602848,,
227,DSA / Georgia for Bernie tabling at Peoplestown Community Day,CW,Four Corners Park (Crew St and Haygood Ave),NONE,,33.7266229,-84.389523,8/8/2015,12:00 PM,,,http://www.facebook.com/698977766892446,,
240,Chalk the Block,E,"San Diego, CA  San Diego CA ",CA,,32.7153,-117.156,8/8/2015,,,,http://www.facebook.com/532225250266377,,
242,WE WANT BERNIE RI - AUGUST MEETING,CW,Greenville Public Library 573 Putnam Pike Greenville RI 02828,RI,02828,41.871151,-71.5493088,8/8/2015,1:00 PM,,,http://www.facebook.com/992670564084660,,
246,Congressman Jared Polis Town Hall Meeting,CW,Harmony Public Library 4616 S Shields St Fort Collins CO 80526,CO,80526,40.52166923,-105.0950347,8/8/2015,10:00 AM,,,http://www.facebook.com/698592010271774,,
247,Chalk the Block Day with Bernie - Fort Collins,E,"200 W Oak St Fort Collins, CO 80521",CO,80521,40.586296,-105.079801,8/8/2015,8:00 AM,,,http://www.facebook.com/422998091226195,,
248,Chalk The Walk!!,E,The Fountain at Forsyth Park  Savannah GA 31401,GA,31401,32.06919837,-81.09556924,8/8/2015,9:00 AM,,,http://www.facebook.com/505304386294457,,
249,Sanders Info Table @ Forsyth Park,CW,The Fountain at Forsyth Park  Savannah GA 31401,GA,31401,32.06919837,-81.09556924,8/8/2015,8:30 AM,,,http://www.facebook.com/1028853310472679,,
251,BERNIE IS COMING TO SEATTLE BELLINGHAM CARAVAN,E,Alaska Airlines Arena  Seattle WA 98195,WA,98195,47.652,-122.302,8/8/2015,10:30 AM,,,http://www.facebook.com/1639825242930567,,
256,Bernie Seattle Rally Carpool,E,"Seattle, WA  Seattle WA ",WA,,47.6064,-122.331,8/8/2015,6:00 PM,,,http://www.facebook.com/945403702147729,,
257,Bernie Sanders Campaign Meet-Up,CW,Democratic Party 118 S Chestnut St Green Bay WI 54303,WI,54303,44.5162745,-88.02284957,8/8/2015,5:00 PM,,,http://www.facebook.com/1617401811860072,,
261,Bernie Sanders at Labor/Medicare anniversary rally with Kshama Sawant,E,Westlake Park 400 Pine St Seattle WA 98101,WA,98101,47.6118813,-122.3372879,8/8/2015,1:00 PM,,,http://www.facebook.com/1476227322687765,,
267,Columbia; Chalk the Block for Bernie,CW,"Henry's 2865 Devine Street,  Columbia SC 29205 ",SC,29205,33.998257,-81.001366,8/8/2015,10:00 AM,South Carolina for Bernie Sanders 2016,http://www.meetup.com/South-Carolina-for-Bernie-Sanders-2016,http://www.meetup.com/South-Carolina-for-Bernie-Sanders-2016/events/224397496/,,
268,Street outreach for Bernie Sanders,CW,Prospect Park Bandshell Prospect Park West & 9th Street in Park Slope Brooklyn NY 11201 ,NY,11201,40.66917,-73.98629,8/8/2015,4:00 PM,NYC Democratic Socialists of America,http://www.meetup.com/nycdsa,http://www.meetup.com/nycdsa/events/224118695/,,
296,Chalk The Block with Little Rock for Bernie Sanders,E,Little Rock/North Little Rock,AR,,34.7850945,-92.2511335,8/8/2015,9:00 AM,Little Rock for Bernie Sanders 2016,http://www.facebook.com/388900174651370,http://www.facebook.com/496593197156842,,
297,"Howard County Fair, Volunteering at the Democrat Booth",CW,Howard County Fair 2210 Fairground Rd West Friendship MD 21794,MD,21794,39.31107395,-76.96636326,8/8/2015,8:00 AM,Howard County for Bernie Sanders,http://www.facebook.com/1014070731936339,http://www.facebook.com/927662023938533,,
326,Central Ohio - Festival Latino Canvassing,CW,"S. Center Civic Drive & W. Rich St., Columbus, OH",OH,43215,39.9570299,-83.00349,8/8/2015,12:00 PM,,,http://www.facebook.com/503654656469379,,
327,Central Ohio - Chalk The Block,E,Goodale Park 120 W Goodale St Columbus OH 43215,OH,43215,39.975213,-83.006773,8/8/2015,12:00 PM,,,http://www.facebook.com/486057894897215,,
333,Chalk the Block for Bernie!,E,Your Place,NONE,,,,8/8/2015,,Houstonians for Bernie Sanders 2016,http://www.facebook.com/771557776291653,http://www.facebook.com/450893365082099,,
334,Metro Detroit's Green Cruise for Bernie,CW,"22812 Woodward Ave, Ferndale, MI 48220",MI,48220,42.4608566,-83.1341742,8/8/2015,11:40 AM,,,http://www.facebook.com/397896560404855,,
338,Bernie Campaign Planning session,CW,Presto Buffalo NY 59 Allen St Buffalo NY 14202,NY,14202,42.89945548,-78.87258277,8/8/2015,12:00 PM,Buffalo for Bernie Sanders,http://www.facebook.com/1636972909852447,http://www.facebook.com/1508793366077426,,
23,Canvassing Booth at the Carytown Watermelon Festival!,CW,Carytown Watermelon Festival Carytown Richmond VA 23218 ,VA,23218,37.552054,-77.480235,8/9/2015,7:00 AM,Virginians for Bernie Sanders 2016,http://www.meetup.com/Virginians-for-Bernie-Sanders-2016,http://www.meetup.com/Virginians-for-Bernie-Sanders-2016/events/224311823/,,
41,Portland Rally with Bernie Sanders on 8/9,R,Veterans Memorial Coliseum Portland OR 97227 ,OR,97227,45.533073,-122.670166,8/9/2015,6:00 PM,Bernie Sanders Campaign Volunteers,http://www.berniesanders.com,https://go.berniesanders.com/page/event/detail/rally/4jgdq,,
42,Tabling/non-tabling at Florida Mall,CW,Florida Mall Orlando FL 32809 ,FL,32809,28.449785,-81.400848,8/9/2015,11:00 AM,Bernie Sanders Campaign Volunteers,http://www.berniesanders.com,https://go.berniesanders.com/page/event/detail/petitioning/4jgyx,,
97,Metro Detroit Meets at HopCat,CW,Hopcat 4265 Woodward Ave Detroit MI 48201,MI,48201,42.35186471,-83.06119764,8/9/2015,2:00 PM,,,http://www.facebook.com/501766679987896,,
104,Bernie Sanders Meet up #4,CW,The Royal Room 5000 Rainier Ave S Seattle WA 98118,WA,98118,47.55693186,-122.2843598,8/9/2015,3:00 PM,Seattle for Bernie Sanders,http://www.facebook.com/360729947458525,http://www.facebook.com/1074182209259998,,
108,Informational tabling for Bernie @ Southside Park Farmer's Market,CW,Sacramento Central Farmers' Market 8th St & W St Sacramento CA 95818,CA,95818,38.56658395,-121.5042371,8/9/2015,8:00 AM,,,http://www.facebook.com/896902793715293,,
202,PLANNING event- Monthly NVfBS meeting,CW,Reston Regional Library 11925 Bowman Towne Dr Reston VA 20190,VA,20190,38.96126566,-77.35854213,8/9/2015,1:00 PM,,,http://www.facebook.com/1618296551791050,,
208,Grand Rapids Bernie: Team Leader Meeting,CW,Common Ground Coffee House 1319 East Fulton Grand Rapids MI 49503,MI,49503,42.9629707,-85.6368408,8/9/2015,3:00 PM,,,http://www.facebook.com/1597064777212368,,
239,Flyering for Bernie at City Fest Street Fair,CW,"5th Avenue and University, San Diego 92103",CA,92103,32.7482624,-117.1604481,8/9/2015,12:00 PM,,,http://www.facebook.com/522937154528369,,
269,"Discuss Event Successes, Outcomes, The Path Forward",E,Trinity Bluff Urban Apartments Club House  701 East Bluff Street Fort Worth TX ,TX,76102,32.760742,-97.329384,8/9/2015,2:00 PM,Fort Worth for Bernie Sanders,http://www.meetup.com/Fort-Worth-for-Bernie-Sanders,http://www.meetup.com/Fort-Worth-for-Bernie-Sanders/events/224398840/,,
270,"Columbia: Brainstorming, Masterminding and Hanging out with Cool People!",CW,Hickory Tavern 907 Senate Street Columbia SC ,SC,29201,33.998741,-81.037041,8/9/2015,4:00 PM,South Carolina for Bernie Sanders 2016,http://www.meetup.com/South-Carolina-for-Bernie-Sanders-2016,http://www.meetup.com/South-Carolina-for-Bernie-Sanders-2016/events/224429494/,,
271,LEARN how to GET BERNIE on the BALLOT in VA-Conference call/Webinar,CW,YOUR HOME 12345 your phone + computer way VIRGINIA VA ,VA,NONE,37.54000092,-77.44000244,8/9/2015,7:00 PM,Virginians for Bernie Sanders 2016,http://www.meetup.com/Virginians-for-Bernie-Sanders-2016,http://www.meetup.com/Virginians-for-Bernie-Sanders-2016/events/224380269/,,
283,Portland Rally,,Veterans Memorial Coliseum 300 North Winning Way Portland OR 97227,OR,97227,45.53222222,-122.6694444,8/9/2015,6:00 PM,,,http://www.facebook.com/1000401753332792,,
284,"Honk and Wave - Clinton, CT",E,"Clinton, CT  Clinton CT 06413",CT,06413,41.2779,-72.5305,8/9/2015,2:30 PM,,,http://www.facebook.com/479736985533119,,
289,1st Downtown/Riverside Team Meeting,CW,Location TBA within 48 hours,NONE,,,,8/9/2015,4:00 PM,Jacksonville for Bernie Sanders,http://www.facebook.com/1001052389906436,http://www.facebook.com/519212991587719,,
290,1st Westside Team Meeting,CW,Home of Dannelle Howden - Email jaxforbernie@gmail.com for exact address,NONE,,,,8/9/2015,4:00 PM,Jacksonville for Bernie Sanders,http://www.facebook.com/1001052389906436,http://www.facebook.com/489842144515687,,
294,Weekly Meetup: Southeast Michigan BERNers Want Bernie Sanders!,CW,"721 East Huron, Ann Arbor, Michigan 48104",MI,48104,42.2814151,-83.7398845,8/9/2015,5:00 PM,,,http://www.facebook.com/1470349523284793,,
299,Punks For Bernie Sanders Rally Meet Up,E,Black Water Bar 835 NE Broadway Portland OR 97232,OR,97232,45.5352898,-122.6567917,8/9/2015,5:00 PM,Punks for Bernie Sanders,http://www.facebook.com/865151683569860,http://www.facebook.com/605682766202015,,
304,Bernie Portland Rally Carpool/Meetup,E,Moda Center 1 N Center Ct Portland OR 97227,OR,97227,45.53166667,-122.6666667,8/9/2015,6:00 PM,,,http://www.facebook.com/456003187915960,,
313,Bernie Sanders in Portland!!!!!,R,Moda Center 1 N Center Ct Portland OR 97227,OR,97227,45.53166667,-122.6666667,8/9/2015,6:00 PM,Seniors for Sanders,http://www.facebook.com/488345457984601,http://www.facebook.com/1660654334153797,Y,
315,Climate Change Committee Meeting - Please attend and join in the discussion,CW,REI 2962 El Camino Real Tustin CA 92782 ,CA,92782,33.724541,-117.794495,8/9/2015,3:00 PM,Climate Change Committee,http://www.meetup.com/ClimateChangeCommittee,http://www.meetup.com/ClimateChangeCommittee/events/224165598/,,
324,Portland Rally,R,Veterans Memorial Coliseum 300 North Winning Way Portland OR 97227,OR,97227,45.53222222,-122.6694444,8/9/2015,6:00 PM,,,http://www.facebook.com/1000401753332792,Y,
347,HONK for Bernie,CW,I-95 - exit 63 Clinton,CT,,,,8/9/2015,3:00 PM,Nutmeggers for Bernie Sanders,http://www.facebook.com/1654680828086577,http://www.facebook.com/401040050105067,,
350,Blues In The Park,E,Laguna Grande Park 1249 Canyon Del Rey Blvd Seaside CA 93955,CA,93955,36.6043854,-121.8548126,8/9/2015,1:00 PM,,,http://www.facebook.com/602114123264375,,
40,"Village of Kensington ""Rally for Bernie""",CW,Kensington Village Meriden CT 06451 ,CT,06451,41.553192,-72.810204,8/10/2015,6:00 PM,Bernie Sanders Campaign Volunteers,http://www.berniesanders.com,https://go.berniesanders.com/page/event/detail/petitioning/4jgyd,,
259,37th Legislative District Democratic Party Monthly Meeting,CW,Rainier Valley Cultural Center 3515 S Alaska St Seattle WA 98118,WA,98118,47.5603905,-122.2880173,8/10/2015,10:00 PM,,,http://www.facebook.com/1628878297383821,,
263,"Los Angeles Rally with Bernie Sanders on 8/10
",R,"Los Angeles Memorial Coliseum and Sports Arena 3939 South Figueroa Street Los Angeles, CA 90037",CA,90037,34.0125891,-118.2847481,8/10/2015,7:00 PM,,,https://go.berniesanders.com/page/event/detail/rally/4jgdj,,
273,Chelsea Meetup for Bernie,CW,Jake's Saloon 206 West 23rd Street New York NY ,NY,10011,40.7440751,-73.9962214,8/10/2015,6:00 PM,NYC4Bernie,http://www.meetup.com/NYCforBERNIE,http://www.meetup.com/NYCforBERNIE/events/224084562/,,
303,Bernie Sanders is coming to Los Angeles! (for SD carpool/bus organizing),,Los Angeles Memorial Coliseum and Sports Arena 3939 S Figueroa St Los Angeles CA 90037,CA,90037,34.01363819,-118.2871208,8/10/2015,7:00 PM,,,http://www.facebook.com/1633517383598664,Y,
312,Los Angeles Rally with Bernie Sanders,R,Los Angeles Memorial Coliseum and Sports Arena 3939 S Figueroa St Los Angeles CA 90037,CA,90037,34.01363819,-118.2871208,8/10/2015,10:00 PM,,,http://www.facebook.com/109693096046201,Y,
316,Bernie Sanders in Los Angeles,R,Los Angeles Memorial Coliseum and Sports Arena 3939 S Figueroa St Los Angeles ,CA,90037,34.013603,-118.288086,8/10/2015,6:00 PM,Southern District  of California Community Coalition,http://www.meetup.com/SDCommunityCoalition,http://www.meetup.com/SDCommunityCoalition/events/224444087/,Y,
325,Los Angeles Rally,R,Los Angeles Memorial Coliseum and Sports Arena 3939 S Figueroa St Los Angeles CA 90037,CA,90037,34.01363819,-118.2871208,8/10/2015,6:00 PM,,,http://www.facebook.com/455070101340582,Y,
339,Educate Senator Ted Cruz,E,"6445 Lee Highway, Chattanooga TN ",TN,37421,35.036899,-85.179503,8/10/2015,7:30 AM,,,http://www.facebook.com/1080548705305903,,
24,Voter Targeting for Bernie meetup,CW,4th Avenue Pub 76 4th Avenue Brooklyn NY 11217 ,NY,11217,40.682255,-73.979982,8/11/2015,7:00 PM,BERNIE SANDERS FOR PRESIDENT 2016,http://www.meetup.com/BERNIE-SANDERS-FOR-PRESIDENT-2016,http://www.meetup.com/BERNIE-SANDERS-FOR-PRESIDENT-2016/events/224359936/,,
121,SC4B Organizing and Planning Meeting,CW,"Democratic Party Headquarters, The Galleria, 740 Front St #165, Santa Cruz, CA",CA,95060,36.975352,-122.025675,8/11/2015,6:30 PM,Santa Cruz County For Bernie Sanders,http://www.facebook.com/1468452026780175,http://www.facebook.com/495686933923389,,
124,Organizational Meeting,CW,"702 S. Gilbert St., Suite 101, Iowa City, IA",IA,52240,41.652993,-91.530985,8/11/2015,7:00 PM,Johnson County for Bernie Sanders,http://www.facebook.com/1452109605108773,http://www.facebook.com/1029423530402008,,
274,Columbia: Training session for Phone Banking and a House Party.!,CW,The house with the big porch 2025 Marion St Columbia SC ,SC,29201,34.013844,-81.035927,8/11/2015,6:00 PM,South Carolina for Bernie Sanders 2016,http://www.meetup.com/South-Carolina-for-Bernie-Sanders-2016,http://www.meetup.com/South-Carolina-for-Bernie-Sanders-2016/events/224334758/,,
298,Willits for Bernie Sanders Organizing Meeting,CW,Little Lake Grange 291 School St Willits CA 95490-3434,CA,95490,39.4097404,-123.3555679,8/11/2015,5:30 PM,Bernie Sanders for President - Willits,http://www.facebook.com/727588847352730,http://www.facebook.com/105672753116701,,
317,What is the Meaning of the Bernie Sanders Campaign?,E,Cafe Express 1422 West Gray Houston TX 77019 ,TX,77019,29.753584,-95.39945,8/11/2015,7:30 PM,The Houston Socialist Reading Group,http://www.meetup.com/The-Houston-Socialist-Reading-Group,http://www.meetup.com/The-Houston-Socialist-Reading-Group/events/224448924/,,
25,Elect Bernie Sanders Dinner/Discussion,E,,NONE,NONE,35.88999939,-78.63999939,8/12/2015,6:30 PM,Elect Bernie Sanders for President Dinner-Discussion Group,http://www.meetup.com/Elect-Bernie-Sanders-Dinner-Discussion-Meetup,http://www.meetup.com/Elect-Bernie-Sanders-Dinner-Discussion-Meetup/events/223201288/,,
26,Beers For Bernie,E,Ballast Point Tasting Room & Kitchen 2215 India St San Diego ,CA,NONE,32.727638,-117.169952,8/12/2015,7:00 PM,San Diego  For Bernie Sanders 2016,http://www.meetup.com/San-Diego-For-Bernie-Sanders-2016,http://www.meetup.com/San-Diego-For-Bernie-Sanders-2016/events/224278401/,,
39,Newbies for Bernie - Ann Arbor NW (Maple and Dexter area),E,John Bolz Ann Arbor MI 48103 ,MI,48103,42.285763,-83.784538,8/12/2015,6:30 PM,Bernie Sanders Campaign Volunteers,http://www.berniesanders.com,https://go.berniesanders.com/page/event/detail/petitioning/4jg8g,,
186,Bernie Sanders Organizing Meet-Up,CW,Putnam County Library 50 E Broad St Cookeville TN 38501,TN,38501,36.1637001,-85.50398334,8/12/2015,6:00 PM,Upper Cumberland for Bernie Sanders,http://www.facebook.com/898680493522181,http://www.facebook.com/101585020193894,,
200,MN4Bernie Organizing Meeting,CW,"266 Hardman Ave N, South St. Paul MN 55075",MN,,44.8953839,-93.0325027,8/12/2015,6:30 PM,MN4Bernie,http://www.facebook.com/906093706080762,http://www.facebook.com/436200796580190,,
237,Beers for Bernie at Ballast Point in San Diego,E,"2215 India St, Little Italy, San Diego ",CA,,32.7277143,-117.1697202,8/12/2015,7:00 PM,,,http://www.facebook.com/1597112963888044,,
238,Central San Diego Bernie meeting,CW,Ruben H. Fleet Science center at Balboa park  San Diego CA ,CA,,32.70876333,-117.0794467,8/12/2015,6:00 PM,,,http://www.facebook.com/847733525312852,,
245,South Western Fort Collins Meetup 8/12,CW,1933 Brewing Company 4025 S Mason St Fort Collins CO 80525,CO,80525,40.53155924,-105.0799545,8/12/2015,7:00 PM,,,http://www.facebook.com/875761832494650,,
340,Rockford 4 Bernie Sanders Training,CW,Casey's Pub 7307 N Alpine Rd Loves Park IL 61111,IL,61111,42.3286465,-89.02798573,8/12/2015,7:00 PM,Northern Illinois for Bernie Sanders,http://www.facebook.com/949714248406222,http://www.facebook.com/1533728290202353,,
346,Montgomery County Citizens For Bernie Sanders Meeting,CW,Montgomery County Democratic Party (Ohio) 131 S Wilkinson St Dayton OH 45402,OH,45402,39.7567444,-84.1948471,8/12/2015,6:30 PM,,,http://www.facebook.com/739289256179670,,
27,Multnomah County Democrats General Meeting,CW,"Multnomah County Democrats Headquarters 3551 NE Sandy Blvd., Portland, Oregon Portland OR ",OR,NONE,45.49000168,-122.5999985,8/13/2015,7:00 PM,Portland Bernie Sanders 2016,http://www.meetup.com/Portland-Bernie-Sanders-2016,http://www.meetup.com/Portland-Bernie-Sanders-2016/events/223990439/,,
38,Artwalk 4 Bernie,E,Lobby Gallery Los Angeles CA 90014 ,CA,90014,34.04401,-118.252777,8/13/2015,6:00 PM,Bernie Sanders Campaign Volunteers,http://www.berniesanders.com,https://go.berniesanders.com/page/event/detail/petitioning/4jgyq,,
180,Portland Rally,E,Veterans Memorial Coliseum 300 North Winning Way Portland OR 97227,OR,97227,45.53222222,-122.6694444,8/9/2015,6:00 PM,,,http://www.facebook.com/1000401753332792,Y,
181,Seattle Rally with Bernie Sanders,E,Alaska Airlines Arena at Hec Edmundson Pavilion University of Washington Seattle WA 98195,WA,98195,47.656506,-122.31256,8/8/2015,6:00 PM,,,http://www.facebook.com/1600013256943005,Y,
226,Chat up peeps @ Atl under 40,CW,Westside Cultural Arts Center 760 10th St NW Atlanta GA 30318,GA,30318,33.78153966,-84.41279096,8/13/2015,6:00 PM,,,http://www.facebook.com/1449042995400455,,
244,South Eastern Fort Collins Meetup 8/13,CW,Old Chicago Harmony 4709 South Timberline Rd Fort Collins CO 80525,CO,80525,40.52170228,-105.040152,8/13/2015,5:30 PM,,,http://www.facebook.com/589477217857996,,
301,Bernie Sanders Flyer Handout East Falls,CW,ShopRite of Fox Street 3400 Fox St Philadelphia PA 19129,PA,19129,40.0097765,-75.17474,8/13/2015,6:30 PM,,,http://www.facebook.com/1122282354452386,,
332,Harris County Tejano Democrats Meeting,CW,"HCDP, 1445 N. Loop West, Suite 110, Houston, Texas",NONE,,,,8/13/2015,7:00 PM,Houstonians for Bernie Sanders 2016,http://www.facebook.com/771557776291653,http://www.facebook.com/705392839605754,,
117,"Ventura Street Corner ""Honk and Wave"" Bernie Rally",CW,Ventura County Government Center 800 S Victoria Ave Ventura CA 93009-0003,CA,93009-0003,34.26842581,-119.2108169,8/14/2015,5:00 PM,Ventura County Activists for Bernie Sanders,http://www.facebook.com/382896871905836,http://www.facebook.com/986881617999914,,
187,Chalk The Block For Bernie,,,NONE,,,,8/8/2015,9:00 AM,,,http://www.facebook.com/406716896201721,Y,
225,Atlanta for Bernie Tailgate at the Ted!,E,Turner Field 755 Hank Aaron Dr Atlanta GA 30315,GA,30315,33.73605779,-84.38943059,8/14/2015,4:00 PM,,,http://www.facebook.com/727377867387836,,
243,Fort Collins New West Fest,E,Downtown Fort Collins 19 Old Town Sq Fort Collins CO 80524,CO,80524,40.58734337,-105.0762102,8/14/2015,5:00 PM,,,http://www.facebook.com/942341209160457,,
190,BERNIE SANDERS: STORMIN' FOR BERNIE  #FeelTheBern #Bernie2016,,Your Computers and Smartphones Anywhere!,NONE,,,,8/5/2015,9:00 PM,All Things Bernie,http://www.facebook.com/466829470144124,http://www.facebook.com/1037121142974337,Y,
37,Leaflet & Voter Registration in Pittsburgh's African American Community,CW,East Liberty Presbyterian Church Pittsburgh PA 15206 ,PA,15206,40.461422,-79.924835,8/15/2015,12:00 PM,Bernie Sanders Campaign Volunteers,http://www.berniesanders.com,https://go.berniesanders.com/page/event/detail/petitioning/4jgy5,,
66,JAM FOR BERNIE | Bernie Sanders for President 2016,E,Papa Petes 502 S Burdick St Kalamazoo MI 49007,MI,49007,42.28736215,-85.58342635,8/15/2015,5:00 PM,,,http://www.facebook.com/1007410292625114,,
128,Southside Field Team Meeting,CW,San Pablo Creek Library 13295 Beach Blvd Jacksonville FL 32246,FL,32246,30.28852578,-81.47307408,8/15/2015,10:00 AM,Jacksonville for Bernie Sanders,http://www.facebook.com/1001052389906436,http://www.facebook.com/774652929311027,,
278,NELA for Bernie Sanders Social and Organizational Meeting!,CW,The Coffee Table Eagle Rock 1958 Colorado Blvd Los Angeles CA 90041,CA,90041,34.139008,-118.210327,8/15/2015,3:00 PM,,,http://www.facebook.com/409494525924704,,
280,Bernie Sanders at the Iowa State Fair: Saturday 8/15 at 2pm,E,Iowa State Fair Soapbox Des Moines IA 50317 ,IA,50317,41.616329,-93.550903,8/15/2015,2:00 PM,Bernie Sanders Campaign Volunteers,http://www.berniesanders.com,https://go.berniesanders.com/page/event/detail/iowaevent/4jgdw,,
28,August - Orange County for Bernie House Party ,E,"Private Residence in Placentia, CA     Email OC4Bernie@gmail for Address Placentia CA ",CA,NONE,33.871132,-117.861038,8/16/2015,2:00 PM,Orange County Politics - OC for Bernie Sanders,http://www.meetup.com/OC-for-Bernie-Sanders,http://www.meetup.com/OC-for-Bernie-Sanders/events/224180816/,,
29,LEARN how to GET BERNIE on the BALLOT in VA-Conference call/Webinar,CW,YOUR HOME 12345 your phone + computer way VIRGINIA VA ,VA,NONE,37.54000092,-77.44000244,8/16/2015,7:00 PM,Virginians for Bernie Sanders 2016,http://www.meetup.com/Virginians-for-Bernie-Sanders-2016,http://www.meetup.com/Virginians-for-Bernie-Sanders-2016/events/224332786/,,
36,Cape Cod For Bernie Sanders,E,Goodwill Park East Falmouth MA 02536 ,MA,02536,41.571999,-70.605927,8/16/2015,2:00 PM,Bernie Sanders Campaign Volunteers,http://www.berniesanders.com,https://go.berniesanders.com/page/event/detail/petitioning/4jgyz,,
64,Weekends for Bernie - Artist Showcase to Benefit the Presidential Bid of Senator Bernie Sanders,E,The Pocket Theater 8312 Greenwood Ave N Seattle WA 98103,WA,98103,47.6896019,-122.3549423,8/16/2015,7:00 PM,,,http://www.facebook.com/1594019370873311,,
65,Bands for Bernie-Fundraiser for Bernie Sanders national campaign,E,"Eagles Bar Upstairs-Bozeman,MT",MT,,,,8/16/2015,7:00 PM,Montanans for Bernie Sanders,http://www.facebook.com/1073373716010293,http://www.facebook.com/471917959634662,,
201,"Social Media Storm Supporting the Bernie Sanders Rally in Portland, ME",,The Internet,NONE,,,,11/8/2016,6:30 PM,,,http://www.facebook.com/1612009212396664,Y,
207,Phone Bank Training for Bernie!,CW,"4801 Pinnacle Ct. SW, Wyoming",NONE,,42.876736,-85.713222,8/16/2015,3:00 PM,,,http://www.facebook.com/820905491360903,,
203,Chalk the Block for BERNIE!,,your driveway or sidewalk,NONE,,,,8/8/2015,,,,http://www.facebook.com/1093151887378820,Y,
311,Bands For Bernie Sanders at Propaganda Lake Worth,E,Propaganda Lake Worth 6 S J St Lake Worth FL 33460,FL,33460,26.6155891,-80.0561066,8/16/2015,5:00 PM,,,http://www.facebook.com/158347737830046,,
318,March with Bernie Sanders for President Group in FM Pride Parade,E,Warner & Co. Parking Lot 4th Ave N and 5th St N. Fargo ND ,ND,NONE,46.880051,-96.786163,8/16/2015,1:30 PM,Fargo-Moorhead Climate Group,http://www.meetup.com/Fargo-Moorhead-Climate-Group,http://www.meetup.com/Fargo-Moorhead-Climate-Group/events/224427765/,,
349,Tulsa for Bernie Sanders Volunteer Event,CW,Nightingale Theater 1416 East Fourth St Tulsa OK 74120,OK,74120,36.1555557,-95.9725342,8/16/2015,4:00 PM,Tulsa for Bernie Sanders 2016,http://www.facebook.com/1452862651684166,http://www.facebook.com/1584925645101672,,
114,Butte for Bernie meetup #3,CW,Carpenters Union 156 W Granite St Butte MT 59701-9248,MT,59701-9248,46.0141487,-112.5387955,8/17/2015,5:30 PM,Montanans for Bernie Sanders,http://www.facebook.com/1073373716010293,http://www.facebook.com/631520346984516,,
287,African-Americans for Bernie Meetup NYC,CW,Jake's Saloon 875 10th Ave New York NY 10019,NY,10019,40.76921013,-73.98855718,8/17/2015,6:00 PM,African-Americans For Bernie Sanders,http://www.facebook.com/536100189866313,http://www.facebook.com/379904192199007,,
341,Second Organizing Meeting,CW,"West Florida Genealogy Library, 5740 N Ninth Avenue Pensacola, FL 32504.",NONE,32504,30.4815025,-87.2043282,8/18/2015,7:00 PM,Pensacola for Bernie Sanders,http://www.facebook.com/1596344010653912,http://www.facebook.com/143079462694419,,
210,Tweetstorm for Bernie Sanders in PORTLAND,,Twitter,NONE,,,,8/9/2015,6:00 PM,,,http://www.facebook.com/1449665602026883,Y,
211,Tweetstorm for Bernie Sanders in SEATTLE,,TWITTER,NONE,,,,8/8/2015,6:00 PM,,,http://www.facebook.com/978609405525045,Y,
35,"BERNIE 2016.......PLANNING MEETING for "" GO RIVERSIDE !""",CW,Probably Clubhouse in pool area at VillaVictoria Riverside CA 92506 ,CA,92506,33.945213,-117.37281,8/19/2015,7:00 PM,Bernie Sanders Campaign Volunteers,http://www.berniesanders.com,https://go.berniesanders.com/page/event/detail/petitioning/4jgdg,,
223,Augusta Peachtree NORML of CSRA Monthly Meeting,CW,"Humantree House 230 8th Street Augusta, GA 30901",NONE,,33.4743942,-81.9656962,8/19/2015,7:00 PM,,,http://www.facebook.com/905138696198323,,
224,Georgia for Bernie Organizational Meeting,CW,,NONE,,,,8/19/2015,,,,http://www.facebook.com/1481808235445361,,
236,GOTV Naturalization Ceremony,E,"City of San Diego, Civic Center Plaza, Suite 200, San Diego, CA 92101  San Diego CA 92101",CA,92101,32.71782839,-117.1627903,8/19/2015,9:30 AM,,,http://www.facebook.com/430258500494189,,
319,Organizing Meetings - Actually we are now DOING!,CW,Theo's 812 Westheimer Houston TX ,TX,NONE,29.744921,-95.390106,8/19/2015,7:30 PM,Houstonians For Bernie Sanders,http://www.meetup.com/Houstonians-For-Bernie-Sanders,http://www.meetup.com/Houstonians-For-Bernie-Sanders/events/224434501/,,
345,Montgomery County Citizens For Bernie Sanders Meeting,CW,"131 S. Wilkinson Street, Dayton, Ohio",NONE,,,,8/19/2015,6:30 PM,,,http://www.facebook.com/444195299074511,,
74,The Fight for Independence in Puerto Rico,E,"Carriage House Theatre 360 Farmington Ave, Hartford CT 06105 Hartford CT 06105",CT,06105,41.76824869,-72.70116116,8/21/2015,7:00 PM,,,http://www.facebook.com/1384923275140283,,
79,Car pools / buses / signage for Columbus Worker's Rally to Defend the American Dream,CW,"218 West St Columbus, OH (McFerson Commons Park)",OH,43215,40.131287,-82.940194,8/21/2015,9:00 AM,,,http://www.facebook.com/1634503453461352,,
80,Ohio Grassroots For Bernie Sanders March in Solidarity With The AFL-CIO Defending The American Dream,CW,"Starbucks, 339 N Front St, Columbus, Ohio 43215",NONE,,39.969264,-83.003605,8/21/2015,8:30 AM,,,http://www.facebook.com/123412494668421,,
310,Central Ohio Grassroots For Bernie Sanders March in Solidarity With The AFL-CIO Defending The American Dream,CW,Starbucks 339 N Front St Columbus OH 432152234,OH,432152234,39.96890483,-83.00425976,8/21/2015,8:30 AM,,,http://www.facebook.com/901304463267956,,
342,WNC to Greenville to hear Bernie Sanders!!,E,TD Convention Center 1 Exposition Dr Greenville SC 29607 ,SC,29607,34.85212639,-82.35473251,8/21/2015,,Western North Carolina for Bernie Sanders 2016,http://www.facebook.com/849150791827033,http://www.facebook.com/529001347254566,,
344,WORKERS' RALLY TO DEFEND THE AMERICAN DREAM,E,"218 West St,  Columbus, OH 43215",NONE,43215,,,8/21/2015,,,,http://www.facebook.com/1456995841293438,,
30,Volunteers For Bernie -- Greenville Planning Meeting,CW,Hughes Main Library 25 Heritage Green Place Greenville SC ,SC,NONE,34.856735,-82.402153,8/22/2015,10:00 AM,South Carolina for Bernie Sanders 2016,http://www.meetup.com/South-Carolina-for-Bernie-Sanders-2016,http://www.meetup.com/South-Carolina-for-Bernie-Sanders-2016/events/224240059/,,
62,"Athens for Bernie Sanders March in the ""Grande Parade"" at The Parade of the Hills Festival in Nelsonville",E,Kroger Nelsonville Ohio Nelsonville OH 45764,OH,45764,39.46689736,-82.2295667,8/22/2015,3:30 PM,,,http://www.facebook.com/101642600187419,,
63,"The Bernie Sanders Presidential Campaign: Discussion, Analysis and Debate",E,"University Heights Public Library, 13866 Cedar Rd., University Heights, Ohio 44118",OH,44118,41.501095,-81.540866,8/22/2015,10:00 AM,,,http://www.facebook.com/814967461955874,,
96,Detroit for Bernie Takes Out the Trash!,E,"19541 Crusade St, Detriot Michigan 48205",NONE,,42.440136,-82.960818,8/22/2015,9:00 AM,,,http://www.facebook.com/454399598085681,,
228,Local Chalk the Block w/ Bernie Day,E,,NONE,,,,8/8/2015,,,,http://www.facebook.com/127977184202507,Y,
113,Second Meetup!,CW,St. Bernard Branch Library,NONE,,39.168686,-84.4974385,8/22/2015,4:00 PM,Cincinnati for Bernie Sanders,http://www.facebook.com/1465469893766538,http://www.facebook.com/862161593874979,,
118,Illinois Renewable Energy Fair,E,Ogle County Fairgrounds  Oregon IL 61061,IL,61061,42.03280956,-89.36097098,8/22/2015,12:00 PM,Northern Illinois for Bernie Sanders,http://www.facebook.com/949714248406222,http://www.facebook.com/1467164180243223,,
131,"The Bernie Sanders Presidential Campaign: Discussion, Analysis and Debate",E,"University Heights Public Library, 13866 Cedar Rd., University Heights, Ohio 44118",NONE,,41.501352,-81.540552,8/22/2015,10:00 AM,Central Ohio for Bernie Sanders,http://www.facebook.com/778723962244415,http://www.facebook.com/450581558454201,,
209,Eagle Rock Peace Through Justice Vigil,E,corner of Colorado Blvd. and Eagle Rock Blvd.,NONE,,34.1367065,-118.1890756,8/22/2015,2:00 PM,,,http://www.facebook.com/109289212753131,,
309,"The Bernie Sanders Presidential Campaign: Discussion, Analysis and Debate",E,University Hieghts Public Library 13866 Cedar Rd University Heights OH 44118,OH,44118,41.5010796,-81.5409088,8/22/2015,10:00 AM,,,http://www.facebook.com/911415275568324,,
76,BERNIE FEST 2015,E,Hideout Inn 1354 W Wabansia Ave Chicago IL 60642,IL,60642,41.9138718,-87.6625366,8/23/2015,11:00 AM,The People For Bernie Sanders 2016,http://www.facebook.com/1645816202305254,http://www.facebook.com/468220966669709,,
106,BERNIE FEST 2015,E,Hideout Inn 1354 W Wabansia Ave Chicago IL 60642,IL,60642,41.9138718,-87.6625366,8/23/2015,11:00 AM,The People For Bernie Sanders 2016,http://www.facebook.com/1645816202305254,http://www.facebook.com/468220966669709,,
320,Voter Registration Training - Daytime!,CW,,NONE,NONE,40.72000122,-73.98999786,8/23/2015,12:00 PM,BERNIE SANDERS FOR PRESIDENT 2016,http://www.meetup.com/BERNIE-SANDERS-FOR-PRESIDENT-2016,http://www.meetup.com/BERNIE-SANDERS-FOR-PRESIDENT-2016/events/224397861/,,
343,Bernie for Baltimore Happy Hour,E,Shiso Tavern 2933 Odonnell St Baltimore MD 21224,MD,21224,39.279911,-76.5741806,8/23/2015,3:00 PM,Maryland for Bernie Sanders,http://www.facebook.com/477806505707056,http://www.facebook.com/1481393145509262,,
31,Growing Our Political Revolution Bernie Sanders for President Organizing Meeting,CW,,NONE,NONE,43.06999969,-89.37999725,8/26/2015,7:00 PM,Wisconsin for Bernie Sanders 2016,http://www.meetup.com/WisconsinforBernie,http://www.meetup.com/WisconsinforBernie/events/223893039/,,
61,Queens for Bernie Sanders meetup,E,Bohemian Hall & Beer Garden 29-19 24th Ave Astoria NY 11102,NY,11102,40.7730026,-73.9161606,8/26/2015,7:00 PM,Queens For Bernie Sanders,http://www.facebook.com/846572898758427,http://www.facebook.com/1602328463375237,,
95,Corinth Library Phone Bank,CW,Corinth Library 95th St Prairie Village KS 66208,KS,66208,38.98200116,-94.63086457,8/26/2015,6:00 PM,Greater Kansas City for Bernie Sanders 2016,http://www.facebook.com/1590516701201963,http://www.facebook.com/688087671322084,,
107,August Organizing meeting,CW,"1325 S Street, Sacramento, CA",NONE,,38.569007,-121.493348,8/26/2015,6:00 PM,,,http://www.facebook.com/1667926183421605,,
321,Important: Triangle For Bernie Monthly Organizational Meeting,CW,NCSU Talley Student Center 2610 Cates Avenue Raleigh NC 27695 ,NC,27695,35.783438,-78.671006,8/26/2015,7:00 PM,Elect Bernie Sanders for President Dinner-Discussion Group,http://www.meetup.com/Elect-Bernie-Sanders-Dinner-Discussion-Meetup,http://www.meetup.com/Elect-Bernie-Sanders-Dinner-Discussion-Meetup/events/224396507/,,
277,Athens for Bernie Sanders August Meeting,CW,"Athens Public Library 30 Home St, Athens, OH 45701",NONE,45701,39.334521,-82.084007,8/27/2015,7:00 PM,,,http://www.facebook.com/875893655791544,,
213,"Weekend of Action--Canvassing in Davenport, IA",CW,"Davenport, IA  Davenport IA 5280152809",IA,52801-52809,41.543,-90.5907,8/28/2015,,,,http://www.facebook.com/1516018612021832,,
331,Volunteer for Bernie at Delta H Con,CW,Houston Marriott Westchase 2900 Briarpark Dr Houston TX 77042,TX,77042,29.73441167,-95.55026504,8/28/2015,12:00 PM,Houstonians for Bernie Sanders 2016,http://www.facebook.com/771557776291653,http://www.facebook.com/980198722032926,,
34,August Orlando wants Bernie meet-up,E,Herndon Branch Library Orlando FL 32803 ,FL,32803,28.553377,-81.332466,8/29/2015,3:00 PM,Bernie Sanders Campaign Volunteers,http://www.berniesanders.com,https://go.berniesanders.com/page/event/detail/petitioning/4jgy7,,
60,Backyard BBQ for Senator Bernie Sanders Supporters,E,59 WINDSOR ST ENFIELD CT,CT,06082,42.0044268,-72.5999978,8/29/2015,3:00 PM,Nutmeggers for Bernie Sanders,http://www.facebook.com/1654680828086577,http://www.facebook.com/869610149797782,,
183,Open Backyard BBQ for Senator Bernie Sanders Supporters,E,59 WINDSOR ST ENFIELD CT .,CT,,42.004225,-72.599774,8/29/2015,3:00 PM,Nutmeggers for Bernie Sanders,http://www.facebook.com/1654680828086577,http://www.facebook.com/605743399567998,,
222,Imagine Music Festival,E,Historic Fourth Ward Park 680 Dallas St NE Atlanta GA 30308-2915,GA,30308-2915,33.7684555,-84.3666992,8/29/2015,12:00 PM,,,http://www.facebook.com/1615076858747751,,
94,"Bernie's Brigade - Grassroots Organizers, Monthly Meeting",CW,Prospero's Books 1800 W 39th St Kansas City MO 64111,MO,64111,39.0574799,-94.6062469,8/30/2015,3:00 PM,Greater Kansas City for Bernie Sanders 2016,http://www.facebook.com/1590516701201963,http://www.facebook.com/1628028990773392,,
221,Bernie's BROUHAHA! Who is he? And Why is he so angry? Q&A/OpenForum,E,Teamsters Local 728  Atlanta GA 30315,GA,30315,33.69638317,-84.40216563,8/30/2015,3:00 PM,,,http://www.facebook.com/724904834301725,,
308,Bernie Sanders National Call for Action | THE MEDIA WILL NOT WIN,E,United States    <>,,<>,38,-97,8/31/2015,12:00 AM,,,http://www.facebook.com/103470263338999,,
73,Drinking Liberally Windsor - Bernie Talk,E,Union Street Tavern 20 Union St Windsor CT 06095,CT,06095,41.8529587,-72.6429291,9/1/2015,7:30 PM,,,http://www.facebook.com/1465817443738085,,
254,Chalk the Block with Bernie,E,Your sidewalk or driveway!,NONE,,,,8/8/2015,8:00 AM,,,http://www.facebook.com/937672092960495,Y,
220,Atlanta Peachtree NORML Monthly Meeting,CW,Manuel's Tavern 602 N Highland Ave NE Atlanta GA 30307,GA,30307,33.7708206,-84.3527298,9/1/2015,7:00 PM,,,http://www.facebook.com/484560668375952,,
219,Dragoncon Bernie chat (chat w/ the crowds),E,,NONE,,,,9/4/2015,,,,http://www.facebook.com/658549630946507,,
33,Blitzing for Bernie at the Bremerton Blackberry Festival,CW,Bremerton WA Bremerton WA 98377 ,WA,98377,46.491283,-121.632484,9/5/2015,11:03 PM,Bernie Sanders Campaign Volunteers,http://www.berniesanders.com,https://go.berniesanders.com/page/event/detail/petitioning/4jgb8,,
322,Volunteers For Bernie -- Greenville Planning Meeting,CW,Hughes Main Library 25 Heritage Green Place Greenville SC ,SC,29601,34.856735,-82.402153,9/5/2015,10:00 AM,South Carolina for Bernie Sanders 2016,http://www.meetup.com/South-Carolina-for-Bernie-Sanders-2016,http://www.meetup.com/South-Carolina-for-Bernie-Sanders-2016/events/224353921/,,
330,Volunteer for Bernie at the African Arts Festival,CW,Bayou City Event Center Houston 9401 Knight Rd Houston TX 77045,TX,77045,29.66871308,-95.39899803,9/5/2015,10:00 AM,Houstonians for Bernie Sanders 2016,http://www.facebook.com/771557776291653,http://www.facebook.com/859602780744347,,
260,Bernie Sanders live in person Rally at Seattle UW Arena,E,Alaska Airlines Arena at Hec Ed 3870 Montlake Blvd Seattle WA 98195,WA,98195,47.6521606,-122.3021011,8/8/2015,6:00 PM,,,http://www.facebook.com/399580530234482,Y,
258,Seattle And Puget Sound For Bernie Monthly Meeting Sept 2015,CW,,NONE,,,,9/6/2015,5:00 PM,,,http://www.facebook.com/944729282261157,,
262,We Want Bernie national grassroots activist conference call,E,phone,NONE,,,,8/4/2015,6:00 PM,,,http://www.facebook.com/1615168232086842,Y,
206,Labor Fest 2015 - Downtown Grand Rapids,E,Ah-Nab-Awen-Park Front Ave NW & Pearl St NW Grand Rapids MI 49504,MI,49504,42.96827145,-85.67637028,9/7/2015,11:00 AM,,,http://www.facebook.com/1172384126122094,,
286,March for Bernie at the NYC West Indian Day Parade,E,,NONE,,,,9/7/2015,10:00 AM,African-Americans For Bernie Sanders,http://www.facebook.com/536100189866313,http://www.facebook.com/503039576522028,,
307,Bernie Sanders Fundraiser and Screening of THE CORPORATION,E,Clinton Street Theater 2522 SE Clinton St Portland OR 97202,OR,97202,45.50321,-122.63996,9/7/2015,7:00 PM,,,http://www.facebook.com/552646724898963,,
329,Stand Up for Bernie - Potluck Picnic at Menil Park,E,Menil Park  Houston TX 77006,TX,77006,29.73734852,-95.39703132,9/7/2015,12:00 PM,Houstonians for Bernie Sanders 2016,http://www.facebook.com/771557776291653,http://www.facebook.com/1655656551323791,,
93,Corinth Library Phone Bank,CW,Corinth Library 95th St Prairie Village KS 66208,KS,66208,38.98200116,-94.63086457,9/9/2015,6:00 PM,Greater Kansas City for Bernie Sanders 2016,http://www.facebook.com/1590516701201963,http://www.facebook.com/1469895816637808,,
99,Tigard Organizes for Bernie!,CW,Tigard Grange Hall 13770 SW Pacific Hwy Tigard OR 97223,OR,97223,45.4199791,-122.7855377,9/14/2015,7:00 PM,Oregon for Bernie Sanders 2016,http://www.facebook.com/454613448020842,http://www.facebook.com/473110949515683,,
218,Augusta Peachtree NORML of CSRA Monthly Meeting,CW," Humantree House 230 8th Street Augusta, GA 30901",GA,30901,33.4743942,-81.9656962,9/16/2015,7:00 PM,,,http://www.facebook.com/1679300282291400,,
337,Republican Primary Debate Watch party,E,TBD,NONE,,,,9/16/2015,8:00 PM,Buffalo for Bernie Sanders,http://www.facebook.com/1636972909852447,http://www.facebook.com/900391290028876,Y,
217,Music Midtown,E,,NONE,,,,9/18/2015,2:00 PM,,,http://www.facebook.com/498747706958658,,
272,Bernie Sanders Rally!,E,Exhibit Hall of the Veterans Memorial Coliseum at the Rose Quarter  300 N. Winning Way (zipcode 97227) Portland OR 97227 ,OR,97227,45.546139,-122.676666,8/9/2015,7:00 PM,PDX Progressive Democrats of America,http://www.meetup.com/PDX-Progressive-Democrats-of-America,http://www.meetup.com/PDX-Progressive-Democrats-of-America/events/224414556/,Y,
235,"San Diego Heart Walk, Feel the Bern Team",E,Balboa Park 1549 El Prado San Diego CA 92101,CA,92101,32.73082345,-117.1507672,9/19/2015,,,,http://www.facebook.com/1461754060792390,,
127,Bernie Bash 2015,E,New Mountain Amphitheater 38 N French Broad Ave Asheville NC 28730,NC,28730,35.5946818,-82.5588029,9/20/2015,3:00 PM,Western North Carolina for Bernie Sanders 2016,http://www.facebook.com/849150791827033,http://www.facebook.com/373908326141490,,
92,Corinth Library Phone Bank,CW,Corinth Library 95th St Prairie Village KS 66208,KS,66208,38.98200116,-94.63086457,9/23/2015,6:00 PM,Greater Kansas City for Bernie Sanders 2016,http://www.facebook.com/1590516701201963,http://www.facebook.com/919720101407017,,Y
59,Comics Love Bernie: A Benefit for Bernie Sanders,E,Broadway Comedy Club 318 West 53rd St New York NY 10010,NY,10010,40.7644005,-73.9856491,9/24/2015,7:00 PM,,,http://www.facebook.com/1608170499452268,,
32,"House Party in the Fall, when people are back from vacations",E,Becker Homestead South Berwick ME 03908 ,ME,03908,43.232281,-70.808502,9/26/2015,12:00 PM,Bernie Sanders Campaign Volunteers,http://www.berniesanders.com,https://go.berniesanders.com/page/event/detail/petitioning/4jgy9,,
91,Bernie's Brigade - Grassroots Organizers Monthly Meeting,CW,Prospero's Books 1800 W 39th St Kansas City MO 64111,MO,64111,39.0574799,-94.6062469,9/27/2015,3:00 PM,Greater Kansas City for Bernie Sanders 2016,http://www.facebook.com/1590516701201963,http://www.facebook.com/1584169045141249,,
90,Corinth Library Phone Bank,CW,Corinth Library 95th St Prairie Village KS 66208,KS,66208,38.98200116,-94.63086457,9/30/2015,6:00 PM,Greater Kansas City for Bernie Sanders 2016,http://www.facebook.com/1590516701201963,http://www.facebook.com/461354380690821,,Y
306,"The Peaceful, Porch Light, Purple Revolution; Bernie Sanders 2016",E,"Your house, porch, driveway, window, garage; Wherever you can change or hang a lightbulb",NONE,,,,9/30/2015,7:00 PM,,,http://www.facebook.com/1103764522987020,,
216,AfroPunk Fest Chat up the crowd for Bernie,E,Central Park  Atlanta GA 30308,GA,30308,33.76792118,-84.3759857,10/3/2015,12:00 PM,,,http://www.facebook.com/1647822888766129,,Y
232,Reclaiming our Democracy - Rally for Bernie,CW,"Dr. Martin Luther King, Jr. Park  Morristown TN 37814",TN,37814,36.21823846,-83.30209359,10/3/2015,10:00 AM,,,http://www.facebook.com/1787917034768399,,Y
89,Corinth Library Phone Bank,CW,Corinth Library 95th St Prairie Village KS 66208,KS,66208,38.98200116,-94.63086457,10/7/2015,6:00 PM,Greater Kansas City for Bernie Sanders 2016,http://www.facebook.com/1590516701201963,http://www.facebook.com/1419558735040837,,Y
300,1st Democratic Debate Viewing Party,,TBD,NONE,,,,10/13/2015,7:00 PM,,,http://www.facebook.com/1477220902590942,Y,
302,First Democratic Primary Debate Watch Party,,TBD,NONE,,,,10/13/2015,,,,http://www.facebook.com/154025741597117,Y,
336,Democratic Debate Watch Party,E,TBD,NONE,,,,10/13/2015,,Buffalo for Bernie Sanders,http://www.facebook.com/1636972909852447,http://www.facebook.com/412598115611943,Y,
88,Corinth Library Phone Bank,CW,Corinth Library 95th St Prairie Village KS 66208,KS,66208,38.98200116,-94.63086457,10/14/2015,6:00 PM,Greater Kansas City for Bernie Sanders 2016,http://www.facebook.com/1590516701201963,http://www.facebook.com/1455069648131282,,
234,"Surfing Madonna Walk/Run, Team Feel the Bern",E,Moonlight Beach  Encinitas CA ,CA,,33.0476489,-117.2974647,10/24/2015,12:30 PM,,,http://www.facebook.com/1097988530230376,,
87,"Bernie's Brigade - Grassroots Organizers, Monthly Meeting",CW,Prospero's Books 1800 W 39th St Kansas City MO 64111,MO,64111,39.0574799,-94.6062469,10/25/2015,3:00 PM,Greater Kansas City for Bernie Sanders 2016,http://www.facebook.com/1590516701201963,http://www.facebook.com/857670317656619,,
58,Students for Bernie Sanders Rally!,E,Henry M. Jackson Federal Building 915 2nd Ave Seattle WA 98104,WA,98104,47.6044,-122.3354,11/5/2015,,,,http://www.facebook.com/1639918879559516,,
86,"Bernie's Brigade - Grassroots Organizers, Monthly Meeting",CW,Prospero's Books 1800 W 39th St Kansas City MO 64111,MO,64111,39.0574799,-94.6062469,11/22/2015,,Greater Kansas City for Bernie Sanders 2016,http://www.facebook.com/1590516701201963,http://www.facebook.com/819637664817955,,
205,Register to vote as a Democrat now!,CW,Colorado    ,,,39,-105.5,12/1/2015,,,,http://www.facebook.com/971856329533370,,
177,Iowa ~ 2016 Presidential Caucuses,E,Iowa    ,,,42.0046,-93.214,2/1/2016,,Bernie Sanders - 2016 Presidential Primary,http://www.facebook.com/855789217791767,http://www.facebook.com/1460455694247398,,
176,New Hampshire ~ 2016 Presidential Primary,E,New Hampshire    ,,,44,-71.5,2/9/2016,,Bernie Sanders - 2016 Presidential Primary,http://www.facebook.com/855789217791767,http://www.facebook.com/1572933292968460,,
175,South Carolina ~ 2016 Presidential Primary,E,South Carolina    ,,,33.8191,-80.9066,2/20/2016,,Bernie Sanders - 2016 Presidential Primary,http://www.facebook.com/855789217791767,http://www.facebook.com/839918292754817,,
174,Nevada ~ 2016 Presidential Caucus,E,Nevada    ,,,39,-117,2/23/2016,,Bernie Sanders - 2016 Presidential Primary,http://www.facebook.com/855789217791767,http://www.facebook.com/495047417311900,,
77,"Vote for Bernie Sanders on Virginia's Presidential Democratic Primary - March 1, 2016",E,Your local polling place,NONE,,,,3/1/2016,6:00 AM,Bernie Sanders for President - Virginia,http://www.facebook.com/639570869506733,http://www.facebook.com/406029712920995,,
105,North Carolina Democratic Primary,E,Your Polling Place,NONE,,,,3/1/2016,,North Carolina for Bernie Sanders,http://www.facebook.com/895680340473539,http://www.facebook.com/652883131512667,,
162,Oklahoma ~ 2016 Presidential Primary,E,Oklahoma    ,,,35.5376,-96.9247,3/1/2016,,Bernie Sanders - 2016 Presidential Primary,http://www.facebook.com/855789217791767,http://www.facebook.com/1666115816949720,,
163,North Carolina ~ 2016 Presidential Primary,E,North Carolina    ,,,35.6411,-79.8431,3/1/2016,,Bernie Sanders - 2016 Presidential Primary,http://www.facebook.com/855789217791767,http://www.facebook.com/1648278605401537,,
164,Vermont ~ 2016 Presidential Primary,E,Vermont    ,,,44.0407,-72.7093,3/1/2016,,Bernie Sanders - 2016 Presidential Primary,http://www.facebook.com/855789217791767,http://www.facebook.com/1617892655114569,,
165,Arkansas ~ 2016 Presidential Primary,E,Arkansas    ,,,34.8,-92.2,3/1/2016,,Bernie Sanders - 2016 Presidential Primary,http://www.facebook.com/855789217791767,http://www.facebook.com/1610003062579681,,
166,Virginia ~ 2016 Presidential Primary,E,Virginia    ,,,37.768,-78.2057,3/1/2016,,Bernie Sanders - 2016 Presidential Primary,http://www.facebook.com/855789217791767,http://www.facebook.com/1597895673825288,,
167,Massachusetts ~ 2016 Presidential Primary,E,Massachusetts    ,,,42.2373,-71.5314,3/1/2016,,Bernie Sanders - 2016 Presidential Primary,http://www.facebook.com/855789217791767,http://www.facebook.com/1586861511593519,,
168,Colorodo ~ 2016 Presidential Caucus,E,Colorado    ,,,39,-105.5,3/1/2016,,Bernie Sanders - 2016 Presidential Primary,http://www.facebook.com/855789217791767,http://www.facebook.com/1042572535754761,,
169,Texas ~ 2016 Presidential Primary,E,Texas    ,,,31,-100,3/1/2016,,Bernie Sanders - 2016 Presidential Primary,http://www.facebook.com/855789217791767,http://www.facebook.com/916300935078768,,
170,Alabama ~ 2016 Presidential Primary,E,Alabama    ,,,32.7,-86.7,3/1/2016,,Bernie Sanders - 2016 Presidential Primary,http://www.facebook.com/855789217791767,http://www.facebook.com/755627744551886,,
171,Georgia ~ 2016 Presidential Primary,E,Georgia    ,,,32.9866,-83.6487,3/1/2016,,Bernie Sanders - 2016 Presidential Primary,http://www.facebook.com/855789217791767,http://www.facebook.com/384250011766349,,
172,Minnesota ~ 2016 Presidential Caucus,E,Minnesota    ,,,45.7326,-93.9196,3/1/2016,,Bernie Sanders - 2016 Presidential Primary,http://www.facebook.com/855789217791767,http://www.facebook.com/374692712739684,,
173,Tennessee ~ 2016 Presidential Primary,E,Tennessee    ,,,35.7449,-86.7489,3/1/2016,,Bernie Sanders - 2016 Presidential Primary,http://www.facebook.com/855789217791767,http://www.facebook.com/372425946286368,,
160,Nebraska ~ 2016 Rally (Caucus - not the Primary voting day event),E,Nebraska    ,,,41.1289,-98.2883,3/5/2016,,Bernie Sanders - 2016 Presidential Primary,http://www.facebook.com/855789217791767,http://www.facebook.com/897368673683356,,
161,Louisiana ~ 2016 Presidential Primary,E,Louisiana    ,,,31,-92,3/5/2016,,Bernie Sanders - 2016 Presidential Primary,http://www.facebook.com/855789217791767,http://www.facebook.com/389416794583939,,
158,Michigan ~ 2016 Presidential Primary,E,Michigan    ,,,43.3504,-84.5603,3/8/2016,,Bernie Sanders - 2016 Presidential Primary,http://www.facebook.com/855789217791767,http://www.facebook.com/1454577644854483,,
159,Mississippi ~ 2016 Presidential Primary,E,Mississippi    ,,,32.7673,-89.6812,3/8/2016,,Bernie Sanders - 2016 Presidential Primary,http://www.facebook.com/855789217791767,http://www.facebook.com/454231498058813,,
98,SAVE THE DATE: Illinois State Democratic Primary,E,"Your polling place, Illinois",NONE,,,,3/15/2016,7:00 AM,Illinois For Bernie Sanders,http://www.facebook.com/494207530737948,http://www.facebook.com/1482734702020166,,
154,Missouri ~ 2016 Presidential Primary,E,Missouri    ,,,38.4623,-92.302,3/15/2016,,Bernie Sanders - 2016 Presidential Primary,http://www.facebook.com/855789217791767,http://www.facebook.com/1606328146302670,,
155,Ohio ~ 2016 Presidential Primary,E,Ohio    ,,,40.3736,-82.7755,3/15/2016,,Bernie Sanders - 2016 Presidential Primary,http://www.facebook.com/855789217791767,http://www.facebook.com/1455059288138718,,
156,Florida ~ 2016 Presidential Primary,E,Florida    ,,,28.1,-81.6,3/15/2016,,Bernie Sanders - 2016 Presidential Primary,http://www.facebook.com/855789217791767,http://www.facebook.com/812536995499807,,
157,Illinois ~ 2016 Presidential Primary,E,Illinois    ,,,41.278216,-88.380238,3/15/2016,,Bernie Sanders - 2016 Presidential Primary,http://www.facebook.com/855789217791767,http://www.facebook.com/386513978223997,,
189,Illinois Primary Election,E,Your Polling Place,NONE,,,,3/15/2016,6:00 AM,Metro East Illinois for Bernie Sanders,http://www.facebook.com/393224724209659,http://www.facebook.com/878645182203393,,
152,Utah ~ 2016 Presidential Primary,E,Utah    ,,,40.1135,-111.8535,3/22/2016,,Bernie Sanders - 2016 Presidential Primary,http://www.facebook.com/855789217791767,http://www.facebook.com/1597008393870689,,
153,Arizona ~ 2016 Presidential Primary,E,Arizona    ,,,34,-112,3/22/2016,,Bernie Sanders - 2016 Presidential Primary,http://www.facebook.com/855789217791767,http://www.facebook.com/1441331216184441,,
151,Hawaii ~ 2016 Presidential Caucus,E,Hawaii    ,,,21.1098,-157.5311,3/26/2016,,Bernie Sanders - 2016 Presidential Primary,http://www.facebook.com/855789217791767,http://www.facebook.com/899173000139598,,
150,Wisconsin ~ 2016 Presidential Primary,E,Wisconsin,NONE,,,,4/5/2016,,Bernie Sanders - 2016 Presidential Primary,http://www.facebook.com/855789217791767,http://www.facebook.com/688539741250138,,
72,Democratic Party Presidential Primary,E,Connecticut    ,CT,,41.6,-72.7,4/26/2016,,,,http://www.facebook.com/379426298913484,,
145,Pennsylvania ~ 2016 Presidential Primary,E,Pennsylvania    ,,,40.5773,-77.264,4/26/2016,,Bernie Sanders - 2016 Presidential Primary,http://www.facebook.com/855789217791767,http://www.facebook.com/1633646503538199,,
146,Rhode Island ~ 2016 Presidential Primary,E,Rhode Island    ,,,41.7,-71.5,4/26/2016,,Bernie Sanders - 2016 Presidential Primary,http://www.facebook.com/855789217791767,http://www.facebook.com/1615216242079935,,
147,Maryland ~ 2016 Presidential Primary,E,Maryland    ,,,39.0724,-76.7902,4/26/2016,,Bernie Sanders - 2016 Presidential Primary,http://www.facebook.com/855789217791767,http://www.facebook.com/710050762454989,,
148,Delaware ~ 2016 Presidential Primary,E,Delaware    ,,,39.3498,-75.5148,4/26/2016,,Bernie Sanders - 2016 Presidential Primary,http://www.facebook.com/855789217791767,http://www.facebook.com/404837803036206,,
149,Connecticut ~ 2016 Presidential Primary,E,Connecticut    ,,,41.6,-72.7,4/26/2016,,Bernie Sanders - 2016 Presidential Primary,http://www.facebook.com/855789217791767,http://www.facebook.com/100380040302788,,
192,2016 Democratic Primary,E,Polling Location Near You,NONE,,,,4/26/2016,6:00 AM,Pitt Students for Bernie Sanders 2016,http://www.facebook.com/111792912497392,http://www.facebook.com/1619070601694145,,
144,Indiana ~ 2016 Presidential Primary,E,Indiana    ,,,40,-86,5/3/2016,,Bernie Sanders - 2016 Presidential Primary,http://www.facebook.com/855789217791767,http://www.facebook.com/1613001935622809,,
142,West Virginia ~ 2016 Presidential Primary,E,West Virginia    ,,,38.468,-80.9696,5/10/2016,,Bernie Sanders - 2016 Presidential Primary,http://www.facebook.com/855789217791767,http://www.facebook.com/829028817174455,,
143,Nebraska ~ 2016 Presidential Primary,E,Nebraska    ,,,41.1289,-98.2883,5/10/2016,,Bernie Sanders - 2016 Presidential Primary,http://www.facebook.com/855789217791767,http://www.facebook.com/368798329997419,,
140,Kentucky ~ 2016 Presidential Primary,E,Kentucky    ,,,37.5,-85,5/17/2016,,Bernie Sanders - 2016 Presidential Primary,http://www.facebook.com/855789217791767,http://www.facebook.com/1683117545251500,,
141,Oregon ~ 2016 Presidential Primary,E,Oregon    ,,,-44,59.5,5/17/2016,,Bernie Sanders - 2016 Presidential Primary,http://www.facebook.com/855789217791767,http://www.facebook.com/1489884077959416,,
139,Puerto Rico ~ 2016 Presidential Primary,E,Puerto Rico    ,,,18.45,-66.1,6/5/2016,,Bernie Sanders - 2016 Presidential Primary,http://www.facebook.com/855789217791767,http://www.facebook.com/369174306562834,,
134,California ~ 2016 Presidential Primary,E,California    ,,,36.48863024,-119.7297205,6/7/2016,,Bernie Sanders - 2016 Presidential Primary,http://www.facebook.com/855789217791767,http://www.facebook.com/1678006662429912,,
135,New Mexico ~ 2016 Presidential Primary,E,New Mexico ,NONE,,,,6/7/2016,,Bernie Sanders - 2016 Presidential Primary,http://www.facebook.com/855789217791767,http://www.facebook.com/1586652561623984,,
136,New Jersey ~ 2016 Presidential Primary,E,New Jersey    ,,,40.314,-74.5089,6/7/2016,,Bernie Sanders - 2016 Presidential Primary,http://www.facebook.com/855789217791767,http://www.facebook.com/992277394116192,,
137,South Dakota ~ 2016 Presidential Primary,E,South Dakota    ,,,44.2853,-99.4632,6/7/2016,,Bernie Sanders - 2016 Presidential Primary,http://www.facebook.com/855789217791767,http://www.facebook.com/963508460368033,,
138,Montana ~ 2016 Presidential Primary,E,Montana    ,,,46.9048,-110.3261,6/7/2016,,Bernie Sanders - 2016 Presidential Primary,http://www.facebook.com/855789217791767,http://www.facebook.com/902566739781900,,
275,"Social Media Storm Supporting the Bernie Sanders Rally in Portland, ME",,The Internet,NONE,,,,11/8/2016,6:30 PM,,,http://www.facebook.com/1612009212396664,,
279,"Social Media Storm Supporting the Bernie Sanders Rally in Portland, ME",E,The Internet,NONE,,,,11/8/2016,6:30 PM,,,http://www.facebook.com/1612009212396664,,
281,"Social Media Storm Supporting the Bernie Sanders Rally in Portland, ME",E,The Internet,NONE,,,,11/8/2016,6:30 PM,,,http://www.facebook.com/1612009212396664,,
282,"Social Media Storm Supporting the Bernie Sanders Rally in Portland, ME",E,The Internet,NONE,,,,11/8/2016,6:30 PM,,,http://www.facebook.com/1612009212396664,,
305,VOTE FOR BERNIE SANDERS 2016,,United States    <>,,<>,38,-97,11/8/2016,7:45 AM,,,http://www.facebook.com/1460644747590249,Y,
323,"Social Media Storm Supporting the Bernie Sanders Rally in Portland, ME",E,The Internet,NONE,,,,11/8/2016,6:30 PM,,,http://www.facebook.com/1612009212396664,,
133,Washington ~ 2016 Presidential Primary,E,Washington    ,,,47.3917,-121.5708,12/25/2016,,Bernie Sanders - 2016 Presidential Primary,http://www.facebook.com/855789217791767,http://www.facebook.com/828643563888397,,
194,March on D.C. - Demand Free Tuition at Colleges and Universities,CW,United States Congress 1730 K St NW Washington DC 20001,DC,20001,38.88972222,-77.00888889,12/31/2016,,Grassroots for Sanders,http://www.facebook.com/370653396465520,http://www.facebook.com/893553987376393,,
351,Dubuque Town Meeting on 8/16,R,Loras College - The Fieldhouse Dubuque IA 52001 ,IA,52001,42.503891,-90.682297,8/16/2015,6:00 PM,Bernie Sanders Campaign Volunteers,http://www.berniesanders.com,https://go.berniesanders.com/page/event/detail/townmeeting/4jgd9,,
352,Davenport Meet and Greet on 8/16,R,Davenport Headquarters Davenport IA 52803 ,IA,52803,41.524979,-90.563889,8/16/2015,1:00 PM,Bernie Sanders Campaign Volunteers,http://www.berniesanders.com,https://go.berniesanders.com/page/event/detail/iowaevent/4jgd2,,
353,Boone Town Meeting on 8/15,R,Boone County Fairgrounds - Community Building Boone IA 50036 ,IA,50036,42.06461,-93.870171,8/15/2015,10:30 AM,Bernie Sanders Campaign Volunteers,http://www.berniesanders.com,https://go.berniesanders.com/page/event/detail/townmeeting/4jgd4,,